Lcode,MunicipalityName,GaPa_NaPa
10105,Aatharai Tribeni Rural Municipality,Aatharai Tribeni
10101,Phaktanlung Rural Municipality,Phaktanlung
10106,Phungling Urban Municipality,Phungling
10102,Mikwakhola Rural Municipality,Mikwakhola
10103,Meringden Rural Municipality,Meringden
10104,Maiwakhola Rural Municipality,Maiwakhola
10107,Pathivara Yangwarak Rural Municipality,Pathivara Yangwarak
10109,Sidingba Rural Municipality,Sidingba
10108,Sirijanga Rural Municipality,Sirijanga
10906,Kummayak Rural Municipality,Kummayak
10907,Tumbewa Rural Municipality,Tumbewa
10903,Falelung Rural Municipality,Falelung
10905,Falgunanda Rural Municipality,Falgunanda
10904,Phidim Urban Municipality,Phidim
10908,Miklajung Rural Municipality,Miklajung
10901,Yangbarak Rural Municipality,Yangbarak
10902,Hilihan Rural Municipality,Hilihan
11003,Illam Urban Municipality,Illam
11007,Chulachuli Rural Municipality,Chulachuli
11004,Deumai Urban Municipality,Deumai
11005,Fakfokathum Rural Municipality,Fakfokathum
11008,Mai Urban Municipality,Mai
11001,Mai Jogmai Rural Municipality,Mai Jogmai
11006,Mangsebung Rural Municipality,Mangsebung
11010,Rong Rural Municipality,Rong
11002,Sandakpur Rural Municipality,Sandakpur
11009,Suryodaya Urban Municipality,Suryodaya
11103,Arjundhara Urban Municipality,Arjundhara
11115,Kachanakawal Rural Municipality,Kachanakawal
11104,Kankai Urban Municipality,Kankai
11106,Kamal Rural Municipality,Kamal
11108,Gauradaha Urban Municipality,Gauradaha
11109,Gauriganj Rural Municipality,Gauriganj
11110,Jhapa Rural Municipality,Jhapa
11107,Damak Urban Municipality,Damak
11111,Barhadashi Rural Municipality,Barhadashi
11102,Buddhashanti Rural Municipality,Buddhashanti
11114,Bhadrapur Urban Municipality,Bhadrapur
11101,Mechinagar Urban Municipality,Mechinagar
11112,Birtamod Urban Municipality,Birtamod
11105,Shivasatakshi Urban Municipality,Shivasatakshi
11113,Haldibari Rural Municipality,Haldibari
10206,Khandabari Urban Municipality,Khandabari
10204,Chichila Rural Municipality,Chichila
10208,Chainapur Urban Municipality,Chainapur
10210,Dharmadevi Urban Municipality,Dharmadevi
10207,Panchakhapan Urban Municipality,Panchakhapan
10201,Bhotkhola Rural Municipality,Bhotkhola
10202,Makalu Rural Municipality,Makalu
10209,Madi Urban Municipality,Madi
10205,Sabhapokhari Rural Municipality,Sabhapokhari
10203,Silichong Rural Municipality,Silichong
10801,Aatharai Rural Municipality,Aatharai
10806,Chhathar Rural Municipality,Chhathar
10802,Phedap Rural Municipality,Phedap
10803,Menchhayayem Rural Municipality,Menchhayayem
10804,Myanglung Urban Municipality,Myanglung
10805,Laligurans Urban Municipality,Laligurans
10605,Arun Rural Municipality,Arun
10609,Aamchowk Rural Municipality,Aamchowk
10603,Temkemaiyum Rural Municipality,Temkemaiyum
10606,Pauwa Dunma Rural Municipality,Pauwa Dunma
10604,Bhojpur Urban Municipality,Bhojpur
10607,Ramprasad Rai Rural Municipality,Ramprasad Rai
10601,Shadananda Urban Municipality,Shadananda
10602,Salpa Silichho Rural Municipality,Salpa Silichho
10608,Hatuwagadhi Rural Municipality,Hatuwagadhi
10705,Shahidbhumi Rural Municipality,Shahidbhumi
10707,Chaubise Rural Municipality,Chaubise
10703,Chhathar Jorpati Rural Municipality,Chhathar Jorpati
10704,Dhankuta Urban Municipality,Dhankuta
10702,Pakhribas Urban Municipality,Pakhribas
10701,Mahalaxmi Urban Municipality,Mahalaxmi
10706,Sangurigadhi Rural Municipality,Sangurigadhi
11208,Urlabari Urban Municipality,Urlabari
11215,Katahari Rural Municipality,Katahari
11206,Kanepokhari Rural Municipality,Kanepokhari
11203,Kerabari Rural Municipality,Kerabari
11212,Gramthan Rural Municipality,Gramthan
11217,Jahada Rural Municipality,Jahada
11216,Dhanapalthan Rural Municipality,Dhanapalthan
11207,Pathari Shanishchare Urban Municipality,Pathari Shanishchare
11213,Budhiganga Rural Municipality,Budhiganga
11205,Belbari Urban Municipality,Belbari
11201,Miklajung Rural Municipality,Miklajung
11211,Rangeli Urban Municipality,Rangeli
11209,Ratuwamai Urban Municipality,Ratuwamai
11202,Letang Urban Municipality,Letang
11214,Biratnagar Metropolitian City,Biratnagar
11210,Sunwarshi Urban Municipality,Sunwarshi
11204,Sundarharaicha Urban Municipality,Sundarharaicha
11306,Itahari Sub-Metropolitian City,Itahari
11309,Inaruwa Urban Municipality,Inaruwa
11303,Koshi Rural Municipality,Koshi
11308,Gadhi Rural Municipality,Gadhi
11307,Duhabi Urban Municipality,Duhabi
11311,Dewangunj Rural Municipality,Dewangunj
11301,Dharan Sub-Metropolitian City,Dharan
11302,Barahachhetra Urban Municipality,Barahachhetra
11312,Barju Rural Municipality,Barju
11304,Bhokraha Narsingh Rural Municipality,Bhokraha Narsingh
11305,Ramdhuni Urban Municipality,Ramdhuni
11310,Harinagar Rural Municipality,Harinagar
10301,Khumbu Pasanglhamu Rural Municipality,Khumbu Pasanglhamu
10304,Mapya Dudhkoshi Rural Municipality,Mapya Dudhkoshi
10305,Thulung Dudhkoshi Rural Municipality,Thulung Dudhkoshi
10306,Necha Salyan Rural Municipality,Necha Salyan
10302,Mahakulung Rural Municipality,Mahakulung
10308,Likhu Pike Rural Municipality,Likhu Pike
10303,Sotang Rural Municipality,Sotang
10307,Solu Dhudhakunda Urban Municipality,Solu Dhudhakunda
10502,Aiselukharka Rural Municipality,Aiselukharka
10501,Kepilasgadhi Rural Municipality,Kepilasgadhi
10508,Khotehang Rural Municipality,Khotehang
10509,Jante Dhunga Rural Municipality,Jante Dhunga
10507,Diprung Chuichumma Rural Municipality,Diprung Chuichumma
10510,Baraha Pokhari Rural Municipality,Baraha Pokhari
10505,Diktel Rupakot Majhuwagadhi Urban Municipality,Diktel Rupakot Majhuwagadhi
10503,Rawa Besi Rural Municipality,Rawa Besi
10506,Sakela Rural Municipality,Sakela
10504,Halesi Tuwachung Urban Municipality,Halesi Tuwachung
10404,Khiji Demba Rural Municipality,Khiji Demba
10406,Champadevi Rural Municipality,Champadevi
10401,Chishankhu Gadhi Rural Municipality,Chishankhu Gadhi
10408,Manebhanjyang Rural Municipality,Manebhanjyang
10403,Molung Rural Municipality,Molung
10405,Likhu Rural Municipality,Likhu
10402,Siddhicharan Urban Municipality,Siddhicharan
10407,Sunkoshi Rural Municipality,Sunkoshi
11408,Udayapurgadhi Rural Municipality,Udayapurgadhi
11407,Katari Urban Municipality,Katari
11402,Chaudandigadhi Urban Municipality,Chaudandigadhi
11406,Tapli Rural Municipality,Tapli
11403,Triyuga Urban Municipality,Triyuga
11404,Rautamai Rural Municipality,Rautamai
11401,Belaka Urban Municipality,Belaka
11405,Limchungbung Rural Municipality,Limchungbung
20103,Agnisair Krishna Sabaran Rural Municipality,Agnisair Krishna
20102,Kanchanrup Urban Municipality,Kanchanrup
20106,Khadak Urban Municipality,Khadak
20118,Chhinnamasta Rural Municipality,Chhinnamasta
20110,Dakneshwori Urban Municipality,Dakneshwori
20115,Tirahut Rural Municipality,Tirahut
20117,Tilathi Koiladi Rural Municipality,Tilathi Koiladi
20111,Belhichepana Rural Municipality,Belhichepana
20109,Bode Barsain Urban Municipality,Bode Barsain
20114,Mahadewa Rural Municipality,Mahadewa
20113,Rajbiraj Municipality,Rajbiraj
20104,Rupani Rural Municipality,Rupani
20108,Balan-Bihul Rural Municipality,Balan-Bihul
20112,Bishnupur Rural Municipality,Bishnupur
20105,Shambhunath Urban Municipality,Shambhunath
20101,Saptakoshi Urban Municipality,Saptakoshi
20107,Surunga Urban Municipality,Surunga
20116,Hanumannagar Kankalini Urban Municipality,Hanumannagar Kankalini
20209,Arnama Rural Municipality,Arnama
20216,Aurahi Rural Municipality,Aurahi
20206,Kalyanpur Municipality,Kalyanpur
20203,Golbazar Urban Municipality,Golbazar
20202,Dhangadimai Urban Municipality,Dhangadimai
20207,Naraha Rural Municipality,Naraha
20214,Nawarajpur Rural Municipality,Nawarajpur
20215,Bariyarpatti Rural Municipality,Bariyarpatti
20213,Bhagawanpur Rural Municipality,Bhagawanpur
20204,Mirchaiya Urban Municipality,Mirchaiya
20211,Laxmipur Patari Rural Municipality,Laxmipur Patari
20201,Lahan Municipality,Lahan
20208,Bishnupur Rural Municipality,Bishnupur
20212,Sakhuwanankarkatti  Municipality,Sakhuwanankarkatti
20217,Siraha Municipality,Siraha
20210,Sukhipur Municipality,Sukhipur
20205,Karjanha Urban Municipality,Karjanha
20314,Aurahi Rural Municipality,Aurahi
20311,Kamala Urban Municipality,Kamala
20305,Chhireshwornath Urban Municipality,Chhireshwornath
20301,Ganeshman Charnath Urban Municipality,Ganeshman Charnath
20312,Janak Nandini Rural Municipality,Janak Nandini
20315,Janakpurdham Sub-Metropolitian City,Janakpurdham
20302,Dhanushadham Urban Municipality,Dhanushadham
20316,Dhanauji Rural Municipality,Dhanauji
20317,Nagarain Urban Municipality,Nagarain
20304,Bateshwor Rural Municipality,Bateshwor
20303,Mithila Urban Municipality,Mithila
20307,Mithila Bihari Urban Municipality,Mithila Bihari
20318,Mukhiyapatti Musaharmiya Rural Municipality,Mukhiyapatti Musaharmiya
20306,Laxminiya Rural Municipality,Laxminiya
20313,Bideha Urban Municipality,Bideha
20310,Shahidnagar Urban Municipality,Shahidnagar
20309,Sabaila Urban Municipality,Sabaila
20308,Hanspur Urban Municipality,Hanspur
20402,Gaushala Urban Municipality,Gaushala
20415,Jaleshwor Urban Municipality,Jaleshwor
20413,Pipara Rural Municipality,Pipara
20412,Mahottari Rural Municipality,Mahottari
20409,Samsi Rural Municipality,Samsi
20403,Sonama Rural Municipality,Sonama
20411,Ekadara Rural Municipality,Ekadara
20404,Aurahi Urban Municipality,Aurahi
20401,Bardibas Urban Municipality,Bardibas
20407,Balawa Urban Municipality,Balawa
20405,Bhagaha Urban Municipality,Bhagaha
20414,Matihani Urban Municipality,Matihani
20410,Manara Sisaba Urban Municipality,Manara Sisaba
20408,Ramgopalpur Urban Municipality,Ramgopalpur
20406,Loharpatti Urban Municipality,Loharpatti
20506,Ishworpur Urban Municipality,Ishworpur
20510,Chandranagar Rural Municipality,Chandranagar
20504,Barahathawa Urban Municipality,Barahathawa
20503,Bagmati Urban Municipality,Bagmati
20520,Malangawa Urban Municipality,Malangawa
20501,Lalbandi Urban Municipality,Lalbandi
20502,Hariban Urban Municipality,Hariban
20511,Kabilashi Urban Municipality,Kabilashi
20519,Kaudena Rural Municipality,Kaudena
20517,Godaita Urban Municipality,Godaita
20512,Chakraghatta Rural Municipality,Chakraghatta
20514,Dhankaul Rural Municipality,Dhankaul
20508,Parsa Rural Municipality,Parsa
20516,Balara Urban Municipality,Balara
20513,Basbariya Rural Municipality,Basbariya
20509,Brahmapuri Rural Municipality,Brahmapuri
20515,Ramnagar Rural Municipality,Ramnagar
20518,Bishnu Rural Municipality,Bishnu
20505,Haripur Urban Municipality,Haripur
20507,Haripurwa Urban Municipality,Haripurwa
20608,Garuda Urban Municipality,Garuda
20601,Chandrapur Urban Municipality,Chandrapur
20618,Ishanath Urban Municipality,Ishanath
20604,Katahariya Urban Municipality,Katahariya
20606,Gadhimai Urban Municipality,Gadhimai
20602,Gujara Urban Municipality,Gujara
20617,Gaur Urban Municipality,Gaur
20615,Durga Bhagawati Rural Municipality,Durga Bhagawati
20609,Dewahi Gonahi Urban Municipality,Dewahi Gonahi
20612,Paroha Urban Municipality,Paroha
20603,Phatuwa Bijayapur Urban Municipality,Phatuwa Bijayapur
20611,Boudhimai Urban Municipality,Boudhimai
20607,Madhav Narayan Urban Municipality,Madhav Narayan
20610,Maulapur Urban Municipality,Maulapur
20614,Yamunamai Rural Municipality,Yamunamai
20616,Rajdevi Urban Municipality,Rajdevi
20613,Rajpur Urban Municipality,Rajpur
20605,Brindaban Urban Municipality,Brindaban
20711,Aadarsha Kotwal Rural Municipality,Aadarsha Kotwal
20709,Karaiyamai Rural Municipality,Karaiyamai
20708,Kalaiya Sub-Metropolitian City,Kalaiya
20702,Kolhabi Urban Municipality,Kolhabi
20703,Jitpur Simara Sub-Metropolitian City,Jitpur Simara
20715,Devtal Rural Municipality,Devtal
20701,Nijagadh Urban Municipality,Nijagadh
20710,Baragadhi Rural Municipality,Baragadhi
20714,Mahagadhimai Urban Municipality,Mahagadhimai
20712,Simroungadh Urban Municipality,Simroungadh
20716,Subarna Rural Municipality,Subarna
20713,Pacharauta Urban Municipality,Pacharauta
20704,Parawanipur Rural Municipality,Parawanipur
20705,Prasauni Rural Municipality,Prasauni
20707,Pheta Rural Municipality,Pheta
20706,Bishrampur Rural Municipality,Bishrampur
20812,Chipaharmai Rural Municipality,Chipaharmai
20803,Jagarnathpur Rural Municipality,Jagarnathpur
20811,Dhobini Rural Municipality,Dhobini
20813,Pakaha mainpur Rural Municipality,Pakaha mainpur
20814,Bindabasini Urban Municipality,Bindabasini
20805,Sakhuwa Prasauni Rural Municipality,Sakhuwa Prasauni
20810,Kalikamai Rural Municipality,Kalikamai
20802,Jirabhawani Rural Municipality,Jirabhawani
20801,Thori (Subarnapur) Rural Municipality,Thori
20804,Partewa Sugauli Rural Municipality,Partewa Sugauli
20806,Parsagadhi Urban Municipality,Parsagadhi
20809,Pokhariya Urban Municipality,Pokhariya
20808,Badarmai Urban Municipality,Badarmai
20807,Birgunj Metropolitian City,Birgunj
30103,Kalinchowk Rural Municipality,Kalinchowk
30101,Gaurishankar Rural Municipality,Gaurishankar
30105,Jiri Urban Municipality,Jiri
30106,Tamakoshi Rural Municipality,Tamakoshi
30109,Bhimeshwor Urban Municipality,Bhimeshwor
30107,Melung Rural Municipality,Melung
30102,Bigu Rural Municipality,Bigu
30104,Baiteshwor Rural Municipality,Baiteshwor
30108,Shailung Rural Municipality,Shailung
31001,Umakunda Rural Municipality,Umakunda
31006,Khandadevi Rural Municipality,Khandadevi
31002,Gokulganga Rural Municipality,Gokulganga
31007,Doramba Rural Municipality,Doramba
31005,Manthali Urban Municipality,Manthali
31004,Ramechhap Urban Municipality,Ramechhap
31003,Likhu Tamakoshi Rural Municipality,Likhu Tamakoshi
31008,Sunapati Rural Municipality,Sunapati
31105,Kamalamai Urban Municipality,Kamalamai
31104,Golanjor Rural Municipality,Golanjor
31107,Ghyanglekha Rural Municipality,Ghyanglekha
31103,Tinpatan Rural Municipality,Tinpatan
31101,Dudhouli Urban Municipality,Dudhouli
31102,Phikkal Rural Municipality,Phikkal
31108,Marin Rural Municipality,Marin
31106,Sunkoshi Rural Municipality,Sunkoshi
31109,Hariharpurgadhi Rural Municipality,Hariharpurgadhi
30303,Uttargaya Rural Municipality,Uttargaya
30304,Kalika Rural Municipality,Kalika
30301,Gosaikunda Rural Municipality,Gosaikunda
30305,Naukunda Rural Municipality,Naukunda
30302,Aamachhodingmo Rural Municipality,Aamachhodingmo
30402,Khaniyabas Rural Municipality,Khaniyabas
30403,Ganga Jamuna Rural Municipality,Ganga Jamuna
30410,Gajuri Rural Municipality,Gajuri
30411,Galchhi Rural Municipality,Galchhi
30407,Jwalamukhi Rural Municipality,Jwalamukhi
30404,Tripurasundari Rural Municipality,Tripurasundari
30412,Thakre Rural Municipality,Thakre
30413,Dhunibenshi Urban Municipality,Dhunibenshi
30406,Nilkhantha Urban Municipality,Nilkhantha
30405,Netrawati Dabjong Rural Municipality,Netrawati Dabjong
30409,Benighat Rorang Rural Municipality,Benighat Rorang
30401,Rubi Valley Rural Municipality,Rubi Valley
30408,Siddhalek Rural Municipality,Siddhalek
30512,Kakani Rural Municipality,Kakani
30505,Kispang Rural Municipality,Kispang
30502,Tadi Rural Municipality,Tadi
30507,Tarakeshwor Rural Municipality,Tarakeshwor
30501,Dupcheshwor Rural Municipality,Dupcheshwor
30510,Panchakanya Rural Municipality,Panchakanya
30508,Belkotgadhi Urban Municipality,Belkotgadhi
30506,Myagang Rural Municipality,Myagang
30509,Likhu Tamakoshi Rural Municipality,Likhu Tamakoshi
30504,Bidur Urban Municipality,Bidur
30511,Shivapuri Rural Municipality,Shivapuri
30503,Suryagadhi Rural Municipality,Suryagadhi
30602,Kageshwori Manahara Urban Municipality,Kageshwori Manahara
30608,Kathmandu Metropolitian City,Kathmandu
30609,Kirtipur Urban Municipality,Kirtipur
30603,Gokarneshwor Urban Municipality,Gokarneshwor
30610,Chandragiri Urban Municipality,Chandragiri
30605,Tokha Urban Municipality,Tokha
30606,Tarakeshwor Urban Municipality,Tarakeshwor
30611,Dakshinkali Urban Municipality,Dakshinkali
30607,Nagarjun Urban Municipality,Nagarjun
30604,Budhanilkhantha Urban Municipality,Budhanilkhantha
30601,Shankharapur Urban Municipality,Shankharapur
30701,Changunarayan Urban Municipality,Changunarayan
30702,Bhaktapur Urban Municipality,Bhaktapur
30703,Madhyapur Thimi Urban Municipality,Madhyapur Thimi
30704,Suryabinayak Urban Municipality,Suryabinayak
30804,Konjyosom Rural Municipality,Konjyosom
30803,Godawari Urban Municipality,Godawari
30806,Bagmati Rural Municipality,Bagmati
30805,Mahankal Rural Municipality,Mahankal
30801,Mahalaxmi Urban Municipality,Mahalaxmi
30802,Lalitpur Metropolitian City,Lalitpur
30913,Khanikhola Rural Municipality,Khanikhola
30901,Chauri Deurali Rural Municipality,Chauri Deurali
30907,Temal Rural Municipality,Temal
30905,Dhulikhel Urban Municipality,Dhulikhel
30908,Namobuddha Urban Municipality,Namobuddha
30909,Panauti Urban Municipality,Panauti
30906,Panchkhal Urban Municipality,Panchkhal
30904,Banepa Urban Municipality,Banepa
30910,Bethanchowk Rural Municipality,Bethanchowk
30902,Bhumlu Rural Municipality,Bhumlu
30903,Mandan Deupur Urban Municipality,Mandan
30912,Mahabharat Rural Municipality,Mahabharat
30911,Roshi Rural Municipality,Roshi
30207,Choutara Sangachowkgadhi Urban Municipality,Choutara Sangachowkgadhi
30202,Jugal Rural Municipality,Jugal
30208,Balephi Rural Municipality,Balephi
30203,Panchpokhari Thangpal Rural Municipality,Panchpokhari Thangpal
30210,Tripurasundari Rural Municipality,Tripurasundari
30201,Bhotekoshi Rural Municipality,Bhotekoshi
30205,Melamchi Urban Municipality,Melamchi
30206,Indrawoti Rural Municipality,Indrawoti
30211,Lisankhu Pakhar Rural Municipality,Lisankhu Pakhar
30209,Bahrabise Urban Municipality,Bahrabise
30212,Sunkoshi Rural Municipality,Sunkoshi
30204,Helambu Rural Municipality,Helambu
31201,Indrasarowar Rural Municipality,Indrasarowar
31203,Kailash Rural Municipality,Kailash
31202,Thaha Urban Municipality,Thaha
31209,Bakaiya Rural Municipality,Bakaiya
31210,Bagmati Rural Municipality,Bagmati
31207,Bhimphedi Rural Municipality,Bhimphedi
31208,Makawanpurgadhi Rural Municipality,Makawanpurgadhi
31205,Manahari Rural Municipality,Manahari
31204,Raksirang Rural Municipality,Raksirang
31206,Hetauda Sub-Metropolitian City,Hetauda
31303,Ichchha Kamana Rural Municipality,Ichchha Kamana
31302,Kalika Urban Municipality,Kalika
31306,Khairahani Urban Municipality,Khairahani
31304,Bharatpur Metropolitian City,Bharatpur
31307,Madi Urban Municipality,Madi
31305,Ratnanagar Urban Municipality,Ratnanagar
31301,Rapti Urban Municipality,Rapti
40102,Ajirkot Rural Municipality,Ajirkot
40105,Aarughat Rural Municipality,Aarughat
40111,Gandaki Rural Municipality,Gandaki
40109,Gorkha Urban Municipality,Gorkha
40101,Chumanubri Rural Municipality,Chumanubri
40104,Dharche Rural Municipality,Dharche
40108,Palungtar Urban Municipality,Palungtar
40106,Bhimsenthapa Rural Municipality,Bhimsenthapa
40110,Shahid Lakhan Rural Municipality,Shahid Lakhan
40107,Siranchowk Rural Municipality,Siranchowk
40103,Barpak Sulikot Rural Municipality,Barpak Sulikot
40203,Chame Rural Municipality,Chame
40201,Narpa Bhumi Rural Municipality,Narpa Bhumi
40204,Nason Rural Municipality,Nason
40202,Manang Ngisyang Rural Municipality,Manang Ngisyang
40603,Kwhola Sothar Rural Municipality,Kwhola Sothar
40608,Dudhapokhari Rural Municipality,Dudhapokhari
40601,Dordi Rural Municipality,Dordi
40605,Bensi Shahar Urban Municipality,Bensi Shahar
40604,Madhya Nepal Urban Municipality,Madhya Nepal
40602,Marshyangdi Rural Municipality,Marshyangdi
40607,Rainas Urban Municipality,Rainas
40606,Sundarbazar Urban Municipality,Sundarbazar
40503,Annapurna Rural Municipality,Annapurna
40504,Pokhara Metropolitian City,Pokhara
40502,Machhapuchchhre Rural Municipality,Machhapuchchhre
40501,Madi Rural Municipality,Madi
40505,Rupa Rural Municipality,Rupa
40710,Aanbu Khaireni Rural Municipality,Aanbu Khaireni
40707,Rhishing Rural Municipality,Rhishing
40706,Ghiring Rural Municipality,Ghiring
40708,Devghat Rural Municipality,Devghat
40709,Bandipur Rural Municipality,Bandipur
40701,Bhanu Urban Municipality,Bhanu
40705,Bhimad Urban Municipality,Bhimad
40703,Myagde Rural Municipality,Myagde
40702,Byas Urban Municipality,Byas
40704,Shuklagandaki Urban Municipality,Shuklagandaki
40904,Arjun Choupari Rural Municipality,Arjun Choupari
40903,Aandhikhola Rural Municipality,Aandhikhola
40911,Kaligandaki Rural Municipality,Kaligandaki
40910,Galyang Urban Municipality,Galyang
40908,Chapakot Urban Municipality,Chapakot
40901,Putalibazar Urban Municipality,Putalibazar
40902,Phedikhola Rural Municipality,Phedikhola
40905,Bhirkot Urban Municipality,Bhirkot
40909,Walling Urban Municipality,Walling
40906,Biruwa Rural Municipality,Biruwa
40907,Harinas Rural Municipality,Harinas
40806,Kawasoti Urban Municipality,Kawasoti
40801,Gaidakot Urban Municipality,Gaidakot
40805,Devchuli Urban Municipality,Devchuli
40803,Baudikali Rural Municipality,Baudikali
40802,Bulingtar Rural Municipality,Bulingtar
40807,Madhya Bindu Urban Municipality,Madhya Bindu
40808,Binayi Tribeni Rural Municipality,Binayi Tribeni
40804,Hupsekot Rural Municipality,Hupsekot
40302,Gharpajhong Rural Municipality,Gharpajhong
40305,Thasang Rural Municipality,Thasang
40301,Lo Ghekar Damodarkunda Rural Municipality,Lo Ghekar Damodarkunda
40303,Varagung Muktichhetra Rural Municipality,Varagung Muktichhetra
40304,Lomanthang Rural Municipality,Lomanthang
40401,Annapurna Rural Municipality,Annapurna
40403,Dhawalagiri Rural Municipality,Dhawalagiri
40406,Beni Urban Municipality,Beni
40405,Mangala Rural Municipality,Mangala
40404,Malika Rural Municipality,Malika
40402,Raghuganga Rural Municipality,Raghuganga
41102,Kathekhola Rural Municipality,Kathekhola
41108,Galkot Urban Municipality,Galkot
41110,Jaimuni Urban Municipality,Jaimuni
41105,Dhorpatan Urban Municipality,Dhorpatan
41104,Tamankhola Rural Municipality,Tamankhola
41103,Tarakhola Rural Municipality,Tarakhola
41106,Nisikhola Rural Municipality,Nisikhola
41101,Baglung Urban Municipality,Baglung
41107,Badigad Rural Municipality,Badigad
41109,Bareng Rural Municipality,Bareng
41003,Kushma Urban Municipality,Kushma
41002,Jaljala Rural Municipality,Jaljala
41007,Paiyu Rural Municipality,Paiyu
41004,Phalebas Urban Municipality,Phalebas
41005,Mahashila Rural Municipality,Mahashila
41001,Modi Rural Municipality,Modi
41006,Bihadi Rural Municipality,Bihadi
50405,Isma Rural Municipality,Isma
50401,Kali Gandaki Rural Municipality,Kali Gandaki
50410,Gulmi Durbar Rural Municipality,Gulmi Durbar
50403,Chandrakot Rural Municipality,Chandrakot
50411,Chhatrakot Rural Municipality,Chhatrakot
50408,Dhurkot Rural Municipality,Dhurkot
50407,Madane Rural Municipality,Madane
50406,Malika Rural Municipality,Malika
50404,Musikot Urban Municipality,Musikot
50412,Ruruchhetra Rural Municipality,Ruruchhetra
50409,Resunga Urban Municipality,Resunga
50402,Satyawoti Rural Municipality,Satyawoti
50605,Tansen Urban Municipality,Tansen
50608,Tinau Rural Municipality,Tinau
50610,Nisdi Rural Municipality,Nisdi
50602,Purbakhola Rural Municipality,Purbakhola
50604,Baganaskali Rural Municipality,Baganaskali
50609,Mathagadhi Rural Municipality,Mathagadhi
50603,Rambha Rural Municipality,Rambha
50601,Rampur Urban Municipality,Rampur
50606,Ribdikot Rural Municipality,Ribdikot
50607,Rainadevi Chhahara Rural Municipality,Rainadevi Chhahara
50501,Chhatradev Rural Municipality,Chhatradev
50505,Panini Rural Municipality,Panini
50503,Bhumikasthan Urban Municipality,Bhumikasthan
50502,Malarani Rural Municipality,Malarani
50504,Sandhikharka Urban Municipality,Sandhikharka
50506,Shitaganga Urban Municipality,Shitaganga
50707,Susta Rural Municipality,Susta
50704,Palhinandan Rural Municipality,Palhinandan
50706,Pratapapur Rural Municipality,Pratapapur
50701,Bardaghat Urban Municipality,Bardaghat
50703,Ramgram Urban Municipality,Ramgram
50705,Sarawal Rural Municipality,Sarawal
50702,Sunawal Urban Municipality,Sunawal
50809,Om Satiya Rural Municipality,Om Satiya
50804,Kanchan Rural Municipality,Kanchan
50814,Kotahimai Rural Municipality,Kotahimai
50805,Gaidahawa Rural Municipality,Gaidahawa
50808,Tilottama Urban Municipality,Tilottama
50801,Devdaha Urban Municipality,Devdaha
50802,Butwal Sub-Metropolitian City,Butwal
50816,Marchawari Rural Municipality,Marchawari
50812,Mayadevi Rural Municipality,Mayadevi
50810,Rohini Rural Municipality,Rohini
50813,Lumbini Sanskritik Urban Municipality,Lumbini Sanskritik
50806,Suddhodhan Rural Municipality,Suddhodhan
50815,Sammarimai Rural Municipality,Sammarimai
50811,Siddharthanagar Urban Municipality,Siddharthanagar
50807,Siyari Rural Municipality,Siyari
50803,Sainamaina Urban Municipality,Sainamaina
50907,Kapilbastu Urban Municipality,Kapilbastu
50905,Krishnanagar Urban Municipality,Krishnanagar
50901,Banganga Urban Municipality,Banganga
50902,Buddhabhumi Urban Municipality,Buddhabhumi
50906,Maharajganj Urban Municipality,Maharajganj
50909,Mayadevi Rural Municipality,Mayadevi
50908,Yasodhara Rural Municipality,Yasodhara
50904,Bijayanagar Rural Municipality,Bijayanagar
50903,Shivaraj Urban Municipality,Shivaraj
50910,Shuddhodhan Rural Municipality,Shuddhodhan
50101,Putha Uttanganga Rural Municipality,Putha Uttanganga
50103,Bhoome Rural Municipality,Bhoome
50102,Sisne Rural Municipality,Sisne
50206,Tribeni Rural Municipality,Tribeni
50202,Thawang Rural Municipality,Thawang
50203,Pariwartan Rural Municipality,Pariwartan
50205,Madi Rural Municipality,Madi
50208,Runtigadhi Rural Municipality,Runtigadhi
50207,Rolpa Urban Municipality,Rolpa
50210,Lungri Rural Municipality,Lungri
50204,Gangadev Rural Municipality,Gangadev
50201,Sunchhahari Rural Municipality,Sunchhahari
50209,Sunil Smriti Rural Municipality,Sunil Smriti
50308,Aairawati Rural Municipality,Aairawati
50301,Gaumukhi Rural Municipality,Gaumukhi
50303,Jhimaruk Rural Municipality,Jhimaruk
50302,Naubahini Rural Municipality,Naubahini
50304,Pyuthan Urban Municipality,Pyuthan
50307,Mallarani Rural Municipality,Mallarani
50306,Mandavi Rural Municipality,Mandavi
50309,Sarumarani Rural Municipality,Sarumarani
50305,Sworgadwari Urban Municipality,Sworgadwari
51009,Gadhawa Rural Municipality,Gadhawa
51002,Ghorahi Sub-Metropolitian City,Ghorahi
51003,Tulsipur Sub-Metropolitian City,Tulsipur
51006,Dangisharan Rural Municipality,Dangisharan
51001,Bangalachuli Rural Municipality,Bangalachuli
51005,Babai Rural Municipality,Babai
51010,Rajpur Rural Municipality,Rajpur
51008,Rapti Rural Municipality,Rapti
51007,Lamahi Urban Municipality,Lamahi
51004,Shantinagar Rural Municipality,Shantinagar
51102,Kohalpur Urban Municipality,Kohalpur
51104,Khajura Rural Municipality,Khajura
51105,Janaki Rural Municipality,Janaki
51107,Duduwa Rural Municipality,Duduwa
51108,Narainapur Rural Municipality,Narainapur
51106,Nepalganj Sub-Metropolitian City,Nepalganj
51103,Baijanath Rural Municipality,Baijanath
51101,Rapti Sonari Rural Municipality,Rapti Sonari
51207,Gulariya Urban Municipality,Gulariya
51204,Geruwa Rural Municipality,Geruwa
51203,Thakurbaba Urban Municipality,Thakurbaba
51208,Badhaiyatal Rural Municipality,Badhaiyatal
51202,Barbardiya Urban Municipality,Barbardiya
51201,Bansgadhi Urban Municipality,Bansgadhi
51206,Madhuwan Urban Municipality,Madhuwan
51205,Rajapur Urban Municipality,Rajapur
60801,Aathabisakot Urban Municipality,Aathabisakot
60806,Chaurjahari Urban Municipality,Chaurjahari
60805,Tribeni Rural Municipality,Tribeni
60803,Banphikot Rural Municipality,Banphikot
60804,Musikot Urban Municipality,Musikot
60802,Sanibheri Rural Municipality,Sanibheri
60910,Kapurkot Rural Municipality,Kapurkot
60908,Kalimati Rural Municipality,Kalimati
60902,Kumakh Rural Municipality,Kumakh
60906,Chhatreshwori Rural Municipality,Chhatreshwori
60904,Siddha Kumakh Rural Municipality,Siddha Kumakh
60909,Tribeni Rural Municipality,Tribeni
60901,Darma Rural Municipality,Darma
60903,Banagad Kupinde Urban Municipality,Banagad Kupinde
60905,Bagachour Urban Municipality,Bagachour
60907,Sharada Urban Municipality,Sharada
60107,Kaike Rural Municipality,Kaike
60108,Chharka Tangsong Rural Municipality,Chharka Tangsong
60103,Jagadulla Rural Municipality,Jagadulla
60106,Thulibheri Urban Municipality,Thulibheri
60101,Dolpo Buddha Rural Municipality,Dolpo Buddha
60105,Tripurasundari Urban Municipality,Tripurasundari
60104,Mudkechula Rural Municipality,Mudkechula
60102,Shey Phoksundo Rural Municipality,Shey Phoksundo
60204,Khatyad Rural Municipality,Khatyad
60202,Chhayanath Rara Urban Municipality,Chhayanath Rara
60201,Mugumakarmarog Rural Municipality,Mugumakarmarog
60203,Soru Rural Municipality,Soru
60402,Kanaka Sundari Rural Municipality,Kanaka Sundari
60405,Guthichaur Rural Municipality,Guthichaur
60404,Chandannath Urban Municipality,Chandannath
60406,Tatopani Rural Municipality,Tatopani
60407,Tila Rural Municipality,Tila
60401,Patarasi Rural Municipality,Patarasi
60403,Sinja Rural Municipality,Sinja
60408,Hima Rural Municipality,Hima
60509,Kalika Rural Municipality,Kalika
60506,Khandachakra Urban Municipality,Khandachakra
60507,Tilagupha Urban Municipality,Tilagupha
60505,Naraharinath Rural Municipality,Naraharinath
60502,Pachal Jharana Rural Municipality,Pachal Jharana
60501,Palata Rural Municipality,Palata
60508,Mahawai Rural Municipality,Mahawai
60503,Raskot Urban Municipality,Raskot
60504,Sanni Tribeni Rural Municipality,Sanni Tribeni
60306,Adanchuli Rural Municipality,Adanchuli
60302,Kharpunath Rural Municipality,Kharpunath
60301,Chankheli Rural Municipality,Chankheli
60307,Tanjakot Rural Municipality,Tanjakot
60304,Namkha Rural Municipality,Namkha
60305,Sarkegad Rural Municipality,Sarkegad
60303,Simkot Rural Municipality,Simkot
60702,Kushe Rural Municipality,Kushe
60704,Chhedagad Urban Municipality,Chhedagad
60703,Junichande Rural Municipality,Junichande
60707,Nalgad Urban Municipality,Nalgad
60701,Barekot Rural Municipality,Barekot
60706,Bheri Malika Urban Municipality,Bheri Malika
60705,Shivalaya Rural Municipality,Shivalaya
60605,Aathbis Urban Municipality,Aathbis
60611,Gurans Rural Municipality,Gurans
60606,Chamunda Bindrasaini Urban Municipality,Chamunda Bindrasaini
60604,Thantikandh Rural Municipality,Thantikandh
60610,Dungeshwor Rural Municipality,Dungeshwor
60607,Dullu Urban Municipality,Dullu
60608,Narayan Urban Municipality,Narayan
60601,Naumule Rural Municipality,Naumule
60609,Bhagawatimai Rural Municipality,Bhagawatimai
60603,Bhairabi Rural Municipality,Bhairabi
60602,Mahabu Rural Municipality,Mahabu
61004,Gurbhakot Urban Municipality,Gurbhakot
61002,Chingad Rural Municipality,Chingad
61009,Chaukune Rural Municipality,Chaukune
61008,Panchapuri Urban Municipality,Panchapuri
61007,Barahatal Rural Municipality,Barahatal
61006,Birendranagar Urban Municipality,Birendranagar
61005,Bheriganga Urban Municipality,Bheriganga
61003,Lekabeshi Urban Municipality,Lekabeshi
61001,Simta Rural Municipality,Simta
70102,Gaumul Rural Municipality,Gaumul
70107,Khaptad Chhededaha Rural Municipality,Khaptad Chhededaha
70109,Tribeni Urban Municipality,Tribeni
70105,Jagannath Rural Municipality,Jagannath
70106,Badimalika Urban Municipality,Badimalika
70108,Budhiganga Urban Municipality,Budhiganga
70103,Budhinanda Urban Municipality,Budhinanda
70104,Swamikartik Khapar Rural Municipality,Swamikartik Khapar
70101,Himali Rural Municipality,Himali
70708,Kamal bazar Urban Municipality,Kamal bazar
70705,Chaurpati Rural Municipality,Chaurpati
70709,Dhakari Rural Municipality,Dhakari
70710,Turmakhand Rural Municipality,Turmakhand
70701,Panchdebal Binayak Urban Municipality,Panchdebal Binayak
70707,Bannigadhi Jayagadh Rural Municipality,Bannigadhi Jayagadh
70706,Mangalsen Urban Municipality,Mangalsen
70703,Mellekh Rural Municipality,Mellekh
70702,Ramaroshan Rural Municipality,Ramaroshan
70704,Sanphebagar Urban Municipality,Sanphebagar
70201,Saipal Rural Municipality,Saipal
70209,Kedarsyun Rural Municipality,Kedarsyun
70212,Khaptad Chhanna Rural Municipality,Khaptad Chhanna
70207,Chhabis Pathibhara Rural Municipality,Chhabis Pathibhara
70206,Jayaprithbi Urban Municipality,Jayaprithbi
70204,Talkot Rural Municipality,Talkot
70211,Thalara Rural Municipality,Thalara
70208,Durgathali Rural Municipality,Durgathali
70202,Bungal Urban Municipality,Bungal
70205,Masta Rural Municipality,Masta
70210,Bitthadchir Rural Municipality,Bitthadchir
70203,Surma Rural Municipality,Surma
70603,Aadarsha Rural Municipality,Aadarsha
70606,K.I. Singh Rural Municipality,K.I. Singh
70609,Jorayal Rural Municipality,Jorayal
70605,Dipayal Silgadhi Urban Municipality,Dipayal Silgadhi
70601,Purbichauki Rural Municipality,Purbichauki
70608,Badi Kedar Rural Municipality,Badi Kedar
70607,Bogatan Phudsil Rural Municipality,Bogatan Chuha
70604,Shikhar Urban Municipality,Shikhar
70602,Sayal Rural Municipality,Sayal
70812,Kailari Rural Municipality,Kailari
70803,Godawari Urban Municipality,Godawari
70804,Gauriganga Urban Municipality,Gauriganga
70805,Ghodaghodi Urban Municipality,Ghodaghodi
70802,Chure Rural Municipality,Chure
70808,Janaki Rural Municipality,Janaki
70809,Joshipur Rural Municipality,Joshipur
70810,Tikapur Urban Municipality,Tikapur
70813,Dhangadhi Sub-Metropolitian City,Dhangadhi
70806,Bardagoriya Rural Municipality,Bardagoriya
70811,Bhajani Urban Municipality,Bhajani
70801,Mohanyal Rural Municipality,Mohanyal
70807,Lamki Chuha Urban Municipality,Lamki Chuha
70305,Apihimal Rural Municipality,Apihimal
70302,Duhun Rural Municipality,Duhun
70304,Naugad Rural Municipality,Naugad
70301,Byas Rural Municipality,Byas
70303,Mahakali Urban Municipality,Mahakali
70306,Marma Rural Municipality,Marma
70308,Malikarjun Rural Municipality,Malikarjun
70309,Lekam Rural Municipality,Lekam
70307,Shailyashikhar Urban Municipality,Shailyashikhar
70401,Dilasaini Rural Municipality,Dilasaini
70405,Dasharathchand Urban Municipality,Dasharathchand
70402,Dogada Kedar Rural Municipality,Dogada Kedar
70406,Pancheshwor Rural Municipality,Pancheshwor
70409,Patan Urban Municipality,Patan
70403,Puchaundi Urban Municipality,Puchaundi
70408,Melauli Urban Municipality,Melauli
70407,Shivanath Rural Municipality,Shivanath
70410,Sigas Rural Municipality,Sigas
70404,Surnaya Rural Municipality,Surnaya
70503,Ajayameru Rural Municipality,Ajayameru
70502,Amargadhi Urban Municipality,Amargadhi
70506,Aalital Rural Municipality,Aalital
70507,Ganyapdhura Rural Municipality,Ganyapdhura
70501,Nawadurga Rural Municipality,Nawadurga
70505,Parashuram Urban Municipality,Parashuram
70504,Bhageshwor Rural Municipality,Bhageshwor
70901,Krishnapur Urban Municipality,Krishnapur
70907,Punarbas Urban Municipality,Punarbas
70909,Beldandi Rural Municipality,Beldandi
70908,Belouri Urban Municipality,Belouri
70904,Bhimdatta Urban Municipality,Bhimdatta
70905,Mahakali Urban Municipality,Mahakali
70906,Laljhadi Rural Municipality,Laljhadi
70903,Bedkot Urban Municipality,Bedkot
70902,Shuklaphanta Urban Municipality,Shuklaphanta
